{"accuracy": 0.54732, "f1_score": 0.5439143454608093}