{"accuracy": 0.54736, "f1_score": 0.5440745042915907}