{"accuracy": 0.61572, "f1_score": 0.6119397598850626}